Date,High,Low,Open,Close,Volume,Adj Close,Signal
2011-09-30,24.70000076293945,24.13999938964844,24.60000038146973,24.170000076293945,6563300,24.170000076293945,wait or hold
2011-10-03,24.21999931335449,23.239999771118164,23.899999618530273,23.26000022888184,7995200,23.26000022888184,wait or hold
2011-10-04,24.06999969482422,22.88999938964844,22.96999931335449,24.040000915527344,7106200,24.040000915527344,wait or hold
2011-10-05,24.79999923706055,23.739999771118164,24.06999969482422,24.68000030517578,5511200,24.68000030517578,wait or hold
2011-10-06,25.34000015258789,24.489999771118164,24.60000038146973,25.32999992370605,3846300,25.32999992370605,wait or hold
2011-10-07,25.68000030517578,25.03000068664551,25.420000076293945,25.28000068664551,4105500,25.28000068664551,wait or hold
2011-10-10,26.07999992370605,25.45000076293945,25.739999771118164,25.76000022888184,4036200,25.76000022888184,wait or hold
2011-10-11,26.06999969482422,25.53000068664551,25.729999542236328,25.84000015258789,4367100,25.84000015258789,wait or hold
2011-10-12,26.28000068664551,25.79999923706055,26.09000015258789,25.8799991607666,4819100,25.8799991607666,wait or hold
2011-10-13,25.88999938964844,25.38999938964844,25.79999923706055,25.79999923706055,4516800,25.79999923706055,wait or hold
2011-10-14,27.649999618530273,26.3700008392334,27.1299991607666,26.809999465942386,18683900,26.809999465942386,wait or hold
2011-10-17,27.059999465942386,26.11000061035156,26.989999771118164,26.239999771118164,5372800,26.239999771118164,wait or hold
2011-10-18,26.989999771118164,25.86000061035156,26.29999923706055,26.76000022888184,9990500,26.76000022888184,wait or hold
2011-10-19,26.75,25.90999984741211,26.56999969482422,26.020000457763672,3908200,26.020000457763672,wait or hold
2011-10-20,26.20000076293945,25.5,26.03000068664551,26.07999992370605,8007200,26.07999992370605,wait or hold
2011-10-21,27.40999984741211,26.36000061035156,26.38999938964844,27.29999923706055,7311100,27.29999923706055,wait or hold
2011-10-24,28.229999542236328,27.239999771118164,27.309999465942386,28.20000076293945,6770700,28.20000076293945,wait or hold
2011-10-25,28.28000068664551,27.770000457763672,28.04999923706055,27.85000038146973,6455700,27.85000038146973,wait or hold
2011-10-26,28.149999618530273,27.25,28.09000015258789,27.809999465942386,6735200,27.809999465942386,wait or hold
2011-10-27,28.68000030517578,28.13999938964844,28.51000022888184,28.34000015258789,7891500,28.34000015258789,wait or hold
2011-10-28,29.059999465942386,28.07999992370605,28.149999618530273,29.020000457763672,4545700,29.020000457763672,wait or hold
10/31/2011,29.71999931,28.45000076,28.47999954,29.40999985,12805900,29.40999985,wait or hold
11/1/2011,28.85000038,28.12999916,28.52000046,28.59000015,12232200,28.59000015,wait or hold
11/2/2011,29.67000008,28.82999992,28.87999916,29.35000038,9150300,29.35000038,wait or hold
11/3/2011,30.21999931,29.48999977,29.62999916,30.15999985,5568800,30.15999985,wait or hold
11/4/2011,30.06999969,29.61000061,29.96999931,29.79000092,6212200,29.79000092,wait or hold
11/7/2011,29.98999977,29.04000092,29.67000008,29.92000008,4303500,29.92000008,wait or hold
11/8/2011,30.68000031,30.04000092,30.15999985,30.42000008,6593900,30.42000008,wait or hold
11/9/2011,28.47999954,26.12999916,27.48999977,28.07999992,27277200,28.07999992,wait or hold
11/10/2011,28.28000069,27.62000084,28.21999931,28.03000069,8969500,28.03000069,wait or hold
11/11/2011,28.79000092,28.02000046,28.17000008,28.43000031,8354700,28.43000031,wait or hold
11/14/2011,28.73999977,28.15999985,28.35000038,28.23999977,4715500,28.23999977,wait or hold
11/15/2011,28.59000015,28.11000061,28.12999916,28.46999931,5688900,28.46999931,wait or hold
11/16/2011,29.06999969,28.0,28.23999977,28.54000092,6319800,28.54000092,wait or hold
11/17/2011,28.54999924,27.48999977,28.47999954,27.69000053,6939600,27.69000053,wait or hold
11/18/2011,27.76000023,27.12999916,27.71999931,27.18000031,6119700,27.18000031,wait or hold
11/21/2011,26.86000061,26.32999992,26.85000038,26.62999916,6730600,26.62999916,wait or hold
11/22/2011,26.64999962,26.20000076,26.46999931,26.32999992,5008100,26.32999992,wait or hold
11/23/2011,26.17000008,25.79999924,26.04999924,25.94000053,5496100,25.94000053,wait or hold
11/25/2011,26.05999947,25.71999931,25.71999931,25.82999992,2946700,25.82999992,wait or hold
11/28/2011,26.87999916,26.40999985,26.48999977,26.62000084,5923300,26.62000084,wait or hold
11/29/2011,26.69000053,25.94000053,26.69000053,26.06999969,8097000,26.06999969,wait or hold
11/30/2011,27.43000031,26.61000061,26.79999924,27.42000008,6276100,27.42000008,wait or hold
12/1/2011,27.45000076,26.89999962,26.93000031,27.13999939,4908200,27.13999939,wait or hold
12/2/2011,27.45000076,27.01000023,27.35000038,27.11000061,3752600,27.11000061,wait or hold
12/5/2011,28.06999969,27.25,27.43000031,27.90999985,4979900,27.90999985,wait or hold
12/6/2011,28.18000031,27.84000015,28.01000023,27.95999908,4075400,27.95999908,wait or hold
12/7/2011,27.98999977,27.15999985,27.87000084,27.86000061,5501100,27.86000061,wait or hold
12/8/2011,28.11000061,27.31999969,27.73999977,27.37999916,4742300,27.37999916,wait or hold
12/9/2011,28.14999962,27.29999924,27.35000038,28.04000092,4227400,28.04000092,wait or hold
12/12/2011,27.79999924,27.10000038,27.72999954,27.38999939,4825100,27.38999939,wait or hold
12/13/2011,27.70000076,26.88999939,27.54999924,26.98999977,8728700,26.98999977,wait or hold
12/14/2011,27.14999962,26.25,26.79999924,26.52000046,7277900,26.52000046,wait or hold
12/15/2011,27.01000023,26.38999939,26.79999924,26.45999908,5819000,26.45999908,wait or hold
12/16/2011,28.93000031,27.62000084,27.72999954,28.20000076,14464700,28.20000076,wait or hold
12/19/2011,28.29000092,27.39999962,28.05999947,27.51000023,6635000,27.51000023,wait or hold
12/20/2011,28.48999977,27.86000061,27.95000076,28.44000053,4505300,28.44000053,wait or hold
12/21/2011,28.37999916,27.39999962,28.29000092,27.96999931,7383600,27.96999931,wait or hold
12/22/2011,28.25,27.70000076,28.04999924,27.88999939,5299700,27.88999939,wait or hold
12/23/2011,28.29999924,27.95000076,28.04000092,28.29000092,3131900,28.29000092,wait or hold
12/27/2011,28.76000023,28.15999985,28.25,28.5,3246500,28.5,wait or hold
12/28/2011,28.57999992,27.93000031,28.45000076,28.02000046,2500500,28.02000046,wait or hold
12/29/2011,28.45000076,27.97999954,28.02000046,28.30999947,2579800,28.30999947,wait or hold
12/30/2011,28.63999939,28.26000023,28.26000023,28.27000046,3471900,28.27000046,wait or hold
1/3/2012,29.01000023,28.51000023,28.70000076,28.56999969,4495100,28.56999969,wait or hold
1/4/2012,28.59000015,28.04000092,28.5,28.28000069,3852400,28.28000069,wait or hold
1/5/2012,28.62000084,28.04999924,28.06999969,28.47999954,2999500,28.47999954,wait or hold
1/6/2012,28.79000092,28.13999939,28.37000084,28.71999931,5781700,28.71999931,wait or hold
1/9/2012,28.82999992,28.44000053,28.76000023,28.53000069,3514700,28.53000069,wait or hold
1/10/2012,29.35000038,28.61000061,28.61000061,29.20000076,4442700,29.20000076,wait or hold
1/11/2012,29.38999939,28.95999908,29.15999985,29.31999969,3306300,29.31999969,wait or hold
1/12/2012,29.46999931,28.82999992,29.43000031,29.22999954,3704300,29.22999954,wait or hold
1/13/2012,29.18000031,28.45000076,29.11000061,28.96999931,2903900,28.96999931,wait or hold
1/17/2012,29.47999954,28.98999977,29.17000008,29.35000038,2903500,29.35000038,wait or hold
1/18/2012,29.88999939,29.21999931,29.27000046,29.88999939,4553700,29.88999939,wait or hold
1/19/2012,30.28000069,29.87999916,29.90999985,30.23999977,4303100,30.23999977,wait or hold
1/20/2012,30.54999924,30.18000031,30.28000069,30.5,4091200,30.5,wait or hold
1/23/2012,30.78000069,29.97999954,30.32999992,30.22999954,5378200,30.22999954,wait or hold
1/24/2012,31.0,30.07999992,30.17000008,30.95000076,4715800,30.95000076,wait or hold
1/25/2012,31.39999962,30.51000023,30.59000015,31.34000015,5459800,31.34000015,wait or hold
1/26/2012,31.77000046,31.0,31.14999962,31.18000031,4287800,31.18000031,wait or hold
1/27/2012,31.20999908,30.30999947,30.46999931,31.04999924,4291000,31.04999924,wait or hold
1/30/2012,31.12999916,30.54999924,30.69000053,31.0,5184400,31.0,wait or hold
1/31/2012,31.25,30.85000038,31.18000031,30.95000076,3753600,30.95000076,wait or hold
2/1/2012,31.5,31.09000015,31.20000076,31.23999977,4654400,31.23999977,wait or hold
2/2/2012,31.68000031,31.20999908,31.23999977,31.29000092,3803900,31.29000092,wait or hold
2/3/2012,32.16999817,31.60000038,31.70000076,31.85000038,4588200,31.85000038,wait or hold
2/6/2012,32.34999847,31.52000046,31.61000061,31.86000061,4536300,31.86000061,wait or hold
2/7/2012,32.40000153,31.70000076,31.73999977,32.27999878,3404200,32.27999878,wait or hold
2/8/2012,32.38999939,31.93000031,32.20000076,32.09999847,3607700,32.09999847,wait or hold
2/9/2012,32.68999863,32.09000015,32.09000015,32.65000153,4711900,32.65000153,wait or hold
2/10/2012,32.45999908,32.04999924,32.27999878,32.20999908,2819800,32.20999908,wait or hold
2/13/2012,32.65000153,32.0,32.41999817,32.34999847,3260800,32.34999847,wait or hold
2/14/2012,32.43999863,32.06000137,32.20000076,32.43999863,4953200,32.43999863,wait or hold
2/15/2012,32.65000153,32.34999847,32.49000168,32.45999908,3311500,32.45999908,wait or hold
2/16/2012,32.90999985,32.45000076,32.45000076,32.86000061,3085700,32.86000061,wait or hold
2/17/2012,33.04999924,32.75,32.95999908,32.75,3686400,32.75,wait or hold
2/21/2012,33.06000137,32.47000122,32.74000168,32.54000092,3655400,32.54000092,wait or hold
2/22/2012,32.88999939,32.24000168,32.45000076,32.33000183,3389700,32.33000183,wait or hold
2/23/2012,33.00999832,32.09999847,32.20999908,32.97000122,3119200,32.97000122,wait or hold
2/24/2012,33.5,32.86000061,32.90999985,33.40999985,3481200,33.40999985,wait or hold
2/27/2012,33.5,33.09000015,33.18000031,33.27000046,3204400,33.27000046,wait or hold
2/28/2012,33.43999863,32.97999954,33.36000061,33.27000046,4147800,33.27000046,wait or hold
2/29/2012,33.43999863,32.86000061,33.20999908,32.88999939,4103100,32.88999939,wait or hold
3/1/2012,33.29000092,32.77000046,32.86000061,33.09999847,2898900,33.09999847,wait or hold
3/2/2012,33.83000183,32.90999985,33.0,33.72999954,4979600,33.72999954,wait or hold
3/5/2012,33.61000061,33.04000092,33.56000137,33.22000122,3307800,33.22000122,wait or hold
3/6/2012,33.09999847,31.89999962,32.79999924,31.98999977,7675000,31.98999977,wait or hold
3/7/2012,32.56000137,31.95999908,32.13000107,32.40999985,3326400,32.40999985,wait or hold
3/8/2012,33.15000153,32.66999817,32.68000031,33.04999924,3198700,33.04999924,wait or hold
3/9/2012,33.65000153,33.08000183,33.18999863,33.63999939,2910700,33.63999939,wait or hold
3/12/2012,33.84999847,33.27000046,33.5,33.56000137,2487300,33.56000137,wait or hold
3/13/2012,34.22000122,33.41999817,33.79000092,34.22000122,3425700,34.22000122,wait or hold
3/14/2012,34.24000168,33.65999985,34.24000168,33.77000046,3607000,33.77000046,wait or hold
3/15/2012,34.20000076,33.63000107,33.86000061,34.16999817,3685800,34.16999817,wait or hold
3/16/2012,34.15000153,33.65999985,34.06000137,33.81999969,5093300,33.81999969,wait or hold
3/19/2012,34.54999924,33.56000137,34.08000183,34.50999832,6819300,34.50999832,wait or hold
3/20/2012,33.93999863,32.88000107,33.38000107,33.15999985,16394100,33.15999985,wait or hold
3/21/2012,33.83000183,33.09999847,33.09999847,33.56000137,5680100,33.56000137,wait or hold
3/22/2012,33.79999924,33.22000122,33.31000137,33.70999908,5121700,33.70999908,wait or hold
3/23/2012,33.84000015,33.5,33.70999908,33.81000137,3253200,33.81000137,wait or hold
3/26/2012,34.41999817,33.93000031,33.99000168,34.40000153,4668400,34.40000153,wait or hold
3/27/2012,34.70999908,34.27999878,34.33000183,34.63000107,4376000,34.63000107,wait or hold
3/28/2012,34.75,34.27999878,34.52000046,34.45999908,4223100,34.45999908,wait or hold
3/29/2012,34.54999924,34.15999985,34.31999969,34.47999954,2459000,34.47999954,wait or hold
3/30/2012,34.68999863,34.24000168,34.68999863,34.31000137,5232500,34.31000137,sell
4/2/2012,34.77999878,33.79999924,34.13999939,34.70000076,4110500,34.70000076,sell
4/3/2012,34.61000061,33.99000168,34.52000046,34.31000137,2879500,34.31000137,sell
4/4/2012,34.02999878,33.36000061,33.97999954,33.45999908,4357800,33.45999908,sell
4/5/2012,33.61999893,33.13999939,33.16999817,33.59000015,3987700,33.59000015,wait or hold
4/9/2012,33.36000061,32.77000046,33.02000046,33.22000122,3478300,33.22000122,wait or hold
4/10/2012,33.43000031,32.52999878,33.15000153,32.61000061,5460200,32.61000061,wait or hold
4/11/2012,33.09999847,32.63000107,32.97000122,33.00999832,3586400,33.00999832,wait or hold
4/12/2012,33.65000153,32.86999893,33.02000046,33.54999924,3053400,33.54999924,wait or hold
4/13/2012,33.61000061,33.15999985,33.40000153,33.18000031,2784700,33.18000031,wait or hold
4/16/2012,33.36999893,32.68999863,33.22000122,32.84999847,3281300,32.84999847,wait or hold
4/17/2012,33.97999954,32.93000031,33.13000107,33.84000015,4049900,33.84000015,wait or hold
4/18/2012,33.63000107,33.25,33.58000183,33.38999939,2369000,33.38999939,wait or hold
4/19/2012,33.70000076,32.68999863,33.20000076,32.90000153,3452900,32.90000153,wait or hold
4/20/2012,33.74000168,32.68999863,32.91999817,33.06000137,3970600,33.06000137,wait or hold
4/23/2012,32.84000015,32.31999969,32.84000015,32.61999893,3580700,32.61999893,wait or hold
4/24/2012,32.83000183,32.22999954,32.65999985,32.40000153,4756700,32.40000153,wait or hold
4/25/2012,33.27000046,32.45999908,32.63999939,33.13000107,3742100,33.13000107,wait or hold
4/26/2012,33.31999969,32.91999817,32.99000168,33.25999832,2999500,33.25999832,wait or hold
4/27/2012,33.79000092,33.20999908,33.38000107,33.58000183,3277600,33.58000183,wait or hold
4/30/2012,33.61999893,33.40000153,33.45999908,33.54999924,2678900,33.54999924,wait or hold
5/1/2012,34.09000015,33.47000122,33.59000015,33.77000046,2578700,33.77000046,wait or hold
5/2/2012,33.88000107,33.27000046,33.63000107,33.75999832,1612300,33.75999832,sell
5/3/2012,33.93999863,33.24000168,33.77000046,33.31999969,2670300,33.31999969,sell
5/4/2012,33.20999908,32.5,32.99000168,32.61000061,2991800,32.61000061,sell
5/7/2012,32.90000153,32.33000183,32.47999954,32.52000046,3323000,32.52000046,wait or hold
5/8/2012,32.75,31.87999916,32.29000092,32.66999817,3592100,32.66999817,wait or hold
5/9/2012,32.72000122,31.81999969,32.29000092,32.52000046,4057300,32.52000046,wait or hold
5/10/2012,32.81999969,31.64999962,32.72999954,31.92000008,4811500,31.92000008,wait or hold
5/11/2012,32.45999908,31.70000076,31.89999962,32.20000076,3183500,32.20000076,wait or hold
5/14/2012,32.52000046,31.67000008,31.80999947,32.22999954,3133400,32.22999954,wait or hold
5/15/2012,32.84999847,32.13000107,32.22999954,32.33000183,2540300,32.33000183,wait or hold
5/16/2012,32.74000168,32.18999863,32.43999863,32.36000061,4373600,32.36000061,wait or hold
5/17/2012,32.61999893,32.00999832,32.38000107,32.00999832,4762700,32.00999832,wait or hold
5/18/2012,32.09999847,31.29000092,32.09999847,31.30999947,4238200,31.30999947,wait or hold
5/21/2012,32.06999969,30.94000053,31.45000076,32.00999832,3420000,32.00999832,wait or hold
5/22/2012,32.25,31.62999916,31.96999931,32.00999832,3476700,32.00999832,wait or hold
5/23/2012,32.20999908,31.45999908,31.70000076,32.18000031,4300000,32.18000031,wait or hold
5/24/2012,32.16999817,31.36000061,32.16999817,31.54000092,4116500,31.54000092,wait or hold
5/25/2012,31.89999962,31.5,31.63999939,31.60000038,2000300,31.60000038,wait or hold
5/29/2012,32.25999832,31.61000061,31.87999916,32.04999924,3171200,32.04999924,wait or hold
5/30/2012,31.82999992,31.12999916,31.82999992,31.29000092,3426400,31.29000092,wait or hold
5/31/2012,31.37999916,30.76000023,31.34000015,31.04999924,4736000,31.04999924,wait or hold
6/1/2012,30.62000084,29.80999947,30.37000084,29.81999969,4362000,29.81999969,wait or hold
6/4/2012,30.62000084,29.87999916,29.87999916,30.30999947,3668100,30.30999947,buy
6/5/2012,30.73999977,30.19000053,30.19000053,30.70999908,2263800,30.70999908,buy
6/6/2012,31.71999931,30.67000008,30.90999985,31.69000053,3092800,31.69000053,buy
6/7/2012,32.11999893,31.23999977,32.06000137,31.31999969,4293100,31.31999969,wait or hold
6/8/2012,31.69000053,31.20000076,31.25,31.64999962,3095900,31.64999962,wait or hold
6/11/2012,31.95000076,31.09000015,31.89999962,31.12999916,3811400,31.12999916,wait or hold
6/12/2012,31.78000069,31.20000076,31.34000015,31.77000046,3305700,31.77000046,wait or hold
6/13/2012,32.09000015,31.54000092,31.64999962,31.79000092,4141000,31.79000092,wait or hold
6/14/2012,31.85000038,31.12999916,31.35000038,31.67000008,6732700,31.67000008,wait or hold
6/15/2012,32.41999817,31.44000053,31.75,32.38999939,5442600,32.38999939,wait or hold
6/18/2012,32.68000031,32.08000183,32.27000046,32.63000107,4579500,32.63000107,sell
6/19/2012,33.18999863,32.66999817,32.84000015,32.88999939,6714500,32.88999939,sell
6/20/2012,32.49000168,30.37999916,30.68000031,31.98999977,18924900,31.98999977,sell
6/21/2012,31.94000053,31.12999916,31.81999969,31.22999954,7167100,31.22999954,wait or hold
6/22/2012,31.73999977,31.19000053,31.39999962,31.56999969,7841700,31.56999969,wait or hold
6/25/2012,31.36000061,30.79999924,31.26000023,30.85000038,2595400,30.85000038,wait or hold
6/26/2012,31.20000076,30.70999908,30.89999962,31.06999969,2208600,31.06999969,wait or hold
6/27/2012,31.54999924,31.10000038,31.28000069,31.40999985,1960300,31.40999985,wait or hold
6/28/2012,31.37000084,30.75,31.26000023,31.17000008,2887800,31.17000008,wait or hold
6/29/2012,32.36999893,31.68000031,31.73999977,32.36999893,4451000,32.36999893,wait or hold
7/2/2012,32.25,31.86000061,31.86000061,32.18999863,3895800,32.18999863,wait or hold
7/3/2012,32.50999832,32.00999832,32.00999832,32.50999832,2107800,32.50999832,wait or hold
7/5/2012,32.68000031,32.18999863,32.22000122,32.52999878,2973000,32.52999878,wait or hold
7/6/2012,32.47999954,31.21999931,32.20000076,31.37000084,5272700,31.37000084,wait or hold
7/9/2012,31.53000069,30.39999962,31.29000092,30.43000031,5342900,30.43000031,wait or hold
7/10/2012,30.87999916,30.20999908,30.70000076,30.44000053,4084700,30.44000053,wait or hold
7/11/2012,30.51000023,29.96999931,30.51000023,30.20000076,2611700,30.20000076,wait or hold
7/12/2012,30.30999947,29.52000046,30.11000061,30.13999939,4716800,30.13999939,wait or hold
7/13/2012,30.78000069,30.05999947,30.18000031,30.64999962,2719000,30.64999962,wait or hold
7/16/2012,30.64999962,30.23999977,30.64999962,30.39999962,1879600,30.39999962,buy
7/17/2012,30.70999908,29.97999954,30.70999908,30.64999962,3314000,30.64999962,buy
7/18/2012,31.56999969,30.54999924,30.64999962,31.43000031,3124400,31.43000031,buy
7/19/2012,32.11000061,31.40999985,31.51000023,31.88999939,3645700,31.88999939,wait or hold
7/20/2012,32.04999924,31.35000038,31.93000031,31.37999916,4063500,31.37999916,wait or hold
7/23/2012,30.81999969,30.22999954,30.80999947,30.63999939,2689800,30.63999939,wait or hold
7/24/2012,30.75,29.80999947,30.67000008,30.02000046,2866400,30.02000046,wait or hold
7/25/2012,30.52000046,29.97999954,30.05999947,30.32999992,3003700,30.32999992,wait or hold
7/26/2012,31.40999985,30.48999977,30.85000038,30.95000076,3644200,30.95000076,wait or hold
7/27/2012,32.0,31.17000008,31.26000023,31.89999962,3312900,31.89999962,wait or hold
7/30/2012,31.95000076,30.92000008,31.88999939,31.01000023,4261200,31.01000023,wait or hold
7/31/2012,31.27000046,30.84000015,30.98999977,30.87999916,2662900,30.87999916,wait or hold
8/1/2012,31.17000008,30.63999939,31.04999924,30.69000053,2738800,30.69000053,wait or hold
8/2/2012,30.82999992,30.25,30.45999908,30.57999992,2640000,30.57999992,wait or hold
8/3/2012,32.06000137,31.04999924,31.14999962,32.02000046,3617100,32.02000046,wait or hold
8/6/2012,32.31999969,32.00999832,32.02000046,32.13999939,2910600,32.13999939,wait or hold
8/7/2012,32.58000183,32.22000122,32.24000168,32.36999893,2569000,32.36999893,wait or hold
8/8/2012,32.63999939,32.18999863,32.18999863,32.50999832,2156700,32.50999832,wait or hold
8/9/2012,32.93999863,32.41999817,32.59999847,32.65000153,4344400,32.65000153,wait or hold
8/10/2012,32.68999863,32.43000031,32.56999969,32.63999939,2975800,32.63999939,wait or hold
8/13/2012,32.54999924,32.09000015,32.47999954,32.27000046,2433900,32.27000046,wait or hold
8/14/2012,32.54999924,32.0,32.50999832,32.11000061,2712500,32.11000061,wait or hold
8/15/2012,32.95000076,32.11999893,32.24000168,32.90999985,3632300,32.90999985,wait or hold
8/16/2012,33.72000122,32.86999893,32.88999939,33.65000153,4020000,33.65000153,wait or hold
8/17/2012,33.90999985,33.41999817,33.72999954,33.79999924,3823000,33.79999924,wait or hold
8/20/2012,33.93999863,33.36000061,33.65999985,33.91999817,3465000,33.91999817,sell
8/21/2012,34.09000015,33.59999847,33.77999878,33.75,3493200,33.75,sell
8/22/2012,33.97999954,33.61999893,33.74000168,33.84000015,2871000,33.84000015,sell
8/23/2012,33.79999924,33.34999847,33.65999985,33.5,2566700,33.5,sell
8/24/2012,32.58000183,31.82999992,32.58000183,32.25999832,8759600,32.25999832,wait or hold
8/27/2012,32.75,32.29999924,32.47000122,32.31999969,4457400,32.31999969,wait or hold
8/28/2012,32.45999908,32.02999878,32.36000061,32.06000137,4139800,32.06000137,wait or hold
8/29/2012,32.24000168,31.61000061,32.13999939,31.95999908,4560900,31.95999908,wait or hold
8/30/2012,31.85000038,31.35000038,31.77000046,31.45999908,3174800,31.45999908,wait or hold
8/31/2012,31.89999962,31.0,31.64999962,31.27000046,5966300,31.27000046,wait or hold
9/4/2012,31.51000023,31.01000023,31.23999977,31.44000053,4419800,31.44000053,buy
9/5/2012,32.25999832,31.26000023,31.38999939,32.25999832,6289600,32.25999832,buy
9/6/2012,32.97999954,32.25999832,32.25999832,32.79000092,4577200,32.79000092,buy
9/7/2012,32.88999939,32.38999939,32.83000183,32.45999908,3581300,32.45999908,wait or hold
9/10/2012,32.56999969,32.11000061,32.36000061,32.13000107,3865300,32.13000107,wait or hold
9/11/2012,32.59000015,31.94000053,32.06000137,32.43000031,3929200,32.43000031,wait or hold
9/12/2012,32.88000107,32.33000183,32.59000015,32.41999817,3564800,32.41999817,wait or hold
9/13/2012,33.06999969,32.31999969,32.49000168,32.81000137,4195200,32.81000137,wait or hold
9/14/2012,33.38000107,32.74000168,32.93000031,33.34000015,3862300,33.34000015,wait or hold
9/17/2012,33.41999817,32.99000168,33.29000092,33.40999985,3407700,33.40999985,wait or hold
9/18/2012,33.25999832,32.49000168,33.22999954,32.56999969,5954700,32.56999969,wait or hold
9/19/2012,33.16999817,32.45999908,32.79999924,33.11999893,7805300,33.11999893,wait or hold
9/20/2012,34.54999924,33.0,33.25,34.52999878,12398400,34.52999878,wait or hold
9/21/2012,34.49000168,33.47000122,34.36000061,33.83000183,8794400,33.83000183,sell
9/24/2012,33.75999832,33.25999832,33.38999939,33.41999817,5348300,33.41999817,sell
9/25/2012,33.75,32.86999893,33.70000076,32.90000153,6122000,32.90000153,sell
9/26/2012,32.97999954,32.41999817,32.90999985,32.52999878,3406100,32.52999878,wait or hold
9/27/2012,32.93999863,32.43000031,32.66999817,32.79999924,3487600,32.79999924,wait or hold
9/28/2012,32.93000031,32.38999939,32.65000153,32.43999863,4017900,32.43999863,wait or hold
10/1/2012,32.84999847,32.34999847,32.58000183,32.61999893,5201900,32.61999893,wait or hold
10/2/2012,32.90999985,32.31999969,32.81999969,32.56999969,3381600,32.56999969,wait or hold
10/3/2012,32.84999847,32.52000046,32.72999954,32.59999847,2455700,32.59999847,wait or hold
10/4/2012,32.79000092,32.20000076,32.54000092,32.68000031,3886900,32.68000031,wait or hold
10/5/2012,33.02999878,32.38999939,32.83000183,32.47000122,2505100,32.47000122,wait or hold
10/8/2012,32.47000122,32.02000046,32.25999832,32.22999954,2154800,32.22999954,wait or hold
10/9/2012,32.25,31.55999947,32.22000122,31.69000053,3504400,31.69000053,wait or hold
10/10/2012,31.79999924,31.32999992,31.63999939,31.51000023,2481700,31.51000023,buy
10/11/2012,31.90999985,31.57999992,31.85000038,31.78000069,2854600,31.78000069,buy
10/12/2012,32.04999924,31.69000053,31.78000069,31.94000053,3040300,31.94000053,buy
10/15/2012,32.34999847,31.87999916,32.00999832,32.33000183,3143200,32.33000183,buy
10/16/2012,33.34999847,32.29999924,32.43999863,33.24000168,4782200,33.24000168,wait or hold
10/17/2012,33.54000092,32.91999817,33.11999893,33.43999863,5146400,33.43999863,wait or hold
10/18/2012,33.68000031,33.24000168,33.45000076,33.47000122,3913800,33.47000122,wait or hold
10/19/2012,33.65000153,33.13999939,33.45000076,33.24000168,5562600,33.24000168,wait or hold
10/22/2012,33.54999924,33.16999817,33.43999863,33.49000168,3684900,33.49000168,wait or hold
10/23/2012,33.43999863,32.97000122,33.18999863,33.31000137,3151800,33.31000137,wait or hold
10/24/2012,33.59999847,33.27999878,33.56000137,33.36000061,3381500,33.36000061,wait or hold
10/25/2012,33.68999863,33.27000046,33.52999878,33.40000153,2868700,33.40000153,wait or hold
10/26/2012,34.09000015,32.99000168,33.13000107,34.00999832,6310600,34.00999832,wait or hold
10/31/2012,34.04999924,33.75999832,34.0,34.02999878,4253100,34.02999878,wait or hold
11/1/2012,34.63999939,33.88999939,34.08000183,34.36000061,3681700,34.36000061,wait or hold
11/2/2012,34.59999847,34.22999954,34.59000015,34.38999939,4006300,34.38999939,wait or hold
11/5/2012,34.33000183,33.84000015,34.18000031,34.24000168,2808500,34.24000168,sell
11/6/2012,34.65999985,34.24000168,34.41999817,34.38999939,2678900,34.38999939,sell
11/7/2012,34.15000153,33.45999908,34.11000061,33.47000122,4681500,33.47000122,sell
11/8/2012,33.56999969,32.91999817,33.5,32.97999954,4247900,32.97999954,sell
11/9/2012,33.27999878,32.88999939,33.00999832,32.90000153,2581600,32.90000153,wait or hold
11/12/2012,33.02999878,32.65999985,32.95000076,32.70000076,1911900,32.70000076,wait or hold
11/13/2012,32.91999817,32.34999847,32.54999924,32.54000092,2597200,32.54000092,wait or hold
11/14/2012,32.77000046,32.15999985,32.59999847,32.24000168,5566500,32.24000168,wait or hold
11/15/2012,32.72000122,32.13999939,32.38000107,32.63999939,3817700,32.63999939,wait or hold
11/16/2012,32.75,32.27000046,32.58000183,32.65000153,3447300,32.65000153,wait or hold
11/19/2012,33.0,32.70999908,32.93000031,32.91999817,2645500,32.91999817,wait or hold
11/20/2012,32.95000076,32.52000046,32.79999924,32.63999939,2345400,32.63999939,buy
11/21/2012,32.97999954,32.52999878,32.75,32.84000015,1703700,32.84000015,buy
11/23/2012,33.43000031,32.99000168,33.06000137,33.40000153,1449800,33.40000153,buy
11/26/2012,33.33000183,33.04999924,33.22000122,33.29000092,2348500,33.29000092,buy
11/27/2012,33.59000015,33.15999985,33.18999863,33.18000031,2180400,33.18000031,buy
11/28/2012,33.93999863,32.93999863,33.15999985,33.88000107,2612600,33.88000107,wait or hold
11/29/2012,34.16999817,33.77999878,34.08000183,34.09000015,3353700,34.09000015,wait or hold
11/30/2012,34.81000137,33.84999847,34.18999863,34.61000061,4935400,34.61000061,wait or hold
12/3/2012,34.84999847,34.56999969,34.77999878,34.70000076,3146300,34.70000076,wait or hold
12/4/2012,35.63999939,34.66999817,34.79000092,35.29999924,6744100,35.29999924,wait or hold
12/5/2012,35.63000107,34.86000061,35.29999924,35.40000153,4277000,35.40000153,wait or hold
12/6/2012,35.68000031,35.0,35.25,35.13999939,5571900,35.13999939,wait or hold
12/7/2012,35.5,34.93999863,35.40000153,35.47999954,2725400,35.47999954,wait or hold
12/10/2012,35.77999878,35.40000153,35.45000076,35.75,3542100,35.75,wait or hold
12/11/2012,36.11000061,35.47000122,35.79999924,35.54000092,5912900,35.54000092,wait or hold
12/12/2012,36.27999878,35.68999863,35.72999954,35.95999908,4598200,35.95999908,wait or hold
12/13/2012,36.5,35.18999863,36.00999832,35.52999878,7746200,35.52999878,wait or hold
12/14/2012,38.09999847,37.0,37.20000076,37.56000137,17447900,37.56000137,wait or hold
12/17/2012,37.43000031,36.90000153,37.06999969,37.41999817,8928100,37.41999817,wait or hold
12/18/2012,37.50999832,37.18000031,37.41999817,37.49000168,7652400,37.49000168,wait or hold
12/19/2012,38.25,37.34999847,37.38999939,38.09000015,5853300,38.09000015,wait or hold
12/20/2012,38.15999985,37.79000092,38.08000183,37.86999893,4330300,37.86999893,wait or hold
12/21/2012,38.0,37.34999847,37.36000061,37.70999908,7975900,37.70999908,wait or hold
12/24/2012,37.81999969,37.31000137,37.75999832,37.52999878,2448000,37.52999878,wait or hold
12/26/2012,37.99000168,37.25999832,37.47999954,37.54999924,2437600,37.54999924,wait or hold
12/27/2012,37.61999893,36.83000183,37.49000168,37.29999924,3422700,37.29999924,wait or hold
12/28/2012,37.40000153,36.88999939,36.90999985,36.90000153,3171600,36.90000153,wait or hold
12/31/2012,37.70000076,36.65000153,36.79999924,37.68000031,4634600,37.68000031,wait or hold
